2026-01-23 11:22:39,RAG,Bọ trĩ có sử dụng được công thức xông hơi mạnh + lưu dẫn không?,Bọ trĩ có sử dụng được công thức xông hơi mạnh + lưu dẫn không?,,0.0,0.0,0.0,0.0,0,0.0,"Căn cứ TÀI LIỆU:

- Vai trò ""xông hơi mạnh"":
  - [DOC 4] nêu: ""Xông hơi hoặc Tiếp xúc hoặc Tiếp xúc-lưu dẫn + Toàn bộ Lưu dẫn (Thường và mạnh). Ví dụ: Tamastras + Tosi; Santoso + Nofara; Zigen + Inmanda;""
  - [DOC 18] nêu: ""Có thể thay binhfos bằng Xông hơi mạnh khác"" (ngụ ý xông hơi mạnh là một nhóm sản phẩm riêng biệt).
  - [DOC 24] nêu: ""Dùng dòng xông hơi pha tưới hoặc dạng GR hạt rải đầu vụ"" (xác nhận dòng xông hơi là một nhóm thuốc riêng).

- Vai trò ""lưu dẫn"":
  - [DOC 1] Suparep 22.4SC: ""Thuốc trừ sâu lưu dẫn 2 chiều"" (xác nhận lưu dẫn).
  - [DOC 2] Koto 240SC: ""Hoạt chất Thiacloprid lưu dẫn thế hệ mới"".
  - [DOC 3] Tosi 30WG: ""Thuốc có đặc tính lưu dẫn cực mạnh"".
  - [DOC 6, 13] Nofara 35WG: ""Thuốc có đặc tính lưu dẫn"".
  - [DOC 9] Inmanda 100WP: ""Thuốc có đặc tính lưu dẫn"".
  - [DOC 7, 14, 20] Oscare 600WG, Oscare 100WP, TRÙM CHÍCH HÚT - TRĨ: đều có đặc tính lưu dẫn.
  - [DOC 16] Suparep/Ecudor/Tamatras + Toàn bộ Lưu dẫn (thường và mạnh) dùng xử lý rệp sáp, rệp vảy.
  - [DOC 4] Ví dụ phối hợp xông hơi + lưu dẫn có Tosi, Nofara, Inmanda (thuốc lưu dẫn).

- Về bọ trĩ:
  - [DOC 1] Suparep 22.4SC diệt bọ trĩ.
  - [DOC 6, 13] Nofara 35WG diệt bọ trĩ.
  - [DOC 3, 15] Tosi 30WG diệt bọ trĩ.
  - [DOC 7, 14] Oscare 600WG, Oscare 100WP diệt bọ trĩ.
  - [DOC 20] TRÙM CHÍCH HÚT - TRĨ diệt bọ trĩ.
  - [DOC 19, 21] Zigen Super, Oxatin là thuốc trừ trĩ rất hay kháng thuốc, thuộc nhóm tiếp xúc-lưu dẫn mạnh.

- Về công thức xông hơi mạnh + lưu dẫn:
  - [DOC 4] nêu ví dụ phối hợp xông hơi + lưu dẫn: Tamastras + Tosi; Santoso + Nofara; Zigen + Inmanda.
  - [DOC 21] nêu: ""Tiếp xúc-lưu dẫn mạnh + Lưu dẫn. 2 sản phẩm trừ trĩ xuất sắc nhất hiện nay của nhóm Tiếp xúc-lưu dẫn mạnh: Oxatin; Zigen Super"".

- Tuy nhiên, không có tài liệu nào nêu rõ ""xông hơi mạnh"" cụ thể là sản phẩm nào trong ví dụ trên, hoặc xác nhận Tamastras, Santoso, Zigen, Oxatin là thuốc xông hơi mạnh hay lưu dẫn. Nhưng [DOC 4] và [DOC 21] phân biệt ""xông hơi"" và ""lưu dẫn"" là hai vai trò riêng biệt.

- Các sản phẩm lưu dẫn được xác nhận: Tosi, Nofara, Inmanda, Suparep, Koto, Oscare, TRÙM CHÍCH HÚT - TRĨ.

- Các sản phẩm xông hơi mạnh được nêu trong ví dụ: Tamastras, Santoso, Zigen (có thể là thuốc xông hơi mạnh hoặc tiếp xúc-lưu dẫn mạnh).

- [DOC 19, 21] nêu Zigen Super và Oxatin là thuốc tiếp xúc-lưu dẫn mạnh, dùng trừ trĩ.

- Do câu hỏi hỏi về công thức ""xông hơi mạnh + lưu dẫn"" cho bọ trĩ, và tài liệu có ví dụ phối hợp xông hơi + lưu dẫn cho sâu chích hút (bao gồm bọ trĩ) với Tamastras + Tosi; Santoso + Nofara; Zigen + Inmanda.

Kết luận:

CÔNG THỨC 1:
- Sản phẩm Tamastras (vai trò: xông hơi mạnh) [DOC 4]
- Sản phẩm Tosi 30WG (vai trò: lưu dẫn) [DOC 3, 4]

CÔNG THỨC 2:
- Sản phẩm Santoso (vai trò: xông hơi mạnh) [DOC 4]
- Sản phẩm Nofara 35WG (vai trò: lưu dẫn) [DOC 6, 13, 4]

CÔNG THỨC 3:
- Sản phẩm Zigen (vai trò: xông hơi mạnh hoặc tiếp xúc-lưu dẫn mạnh) [DOC 4, 21]
- Sản phẩm Inmanda 100WP (vai trò: lưu dẫn) [DOC 9, 4]

Ngoài ra, theo [DOC 21], công thức trừ trĩ rất hay kháng thuốc gồm:
- Oxatin (vai trò: tiếp xúc-lưu dẫn mạnh)
- Zigen Super (vai trò: tiếp xúc-lưu dẫn mạnh)

Tuy nhiên, đây là công thức tiếp xúc-lưu dẫn mạnh + lưu dẫn, không phải xông hơi mạnh + lưu dẫn.

Do đó, theo tài liệu, công thức xông hơi mạnh + lưu dẫn cho bọ trĩ có thể sử dụng các ví dụ trên.

---

**Trả lời tổng hợp:**

CÔNG THỨC 1:
- Tamastras (vai trò: xông hơi mạnh) [DOC 4]
- Tosi 30WG (vai trò: lưu dẫn) [DOC 3, 4]

CÔNG THỨC 2:
- Santoso (vai trò: xông hơi mạnh) [DOC 4]
- Nofara 35WG (vai trò: lưu dẫn) [DOC 6, 13, 4]

CÔNG THỨC 3:
- Zigen (vai trò: xông hơi mạnh hoặc tiếp xúc-lưu dẫn mạnh) [DOC 4, 21]
- Inmanda 100WP (vai trò: lưu dẫn) [DOC 9, 4]

---

**Ghi chú:** Tài liệu không nêu rõ vai trò chính xác của Tamastras, Santoso, Zigen là xông hơi mạnh hay tiếp xúc-lưu dẫn mạnh, tuy nhiên trong ví dụ phối hợp xông hơi + lưu dẫn, các sản phẩm này được liệt kê ở vị trí xông hơi. Các sản phẩm lưu dẫn được xác nhận rõ ràng.

---

**Kết luận:** Bọ trĩ có thể sử dụng công thức phối hợp gồm một thuốc xông hơi mạnh (ví dụ: Tamastras, Santoso, Zigen) kết hợp với thuốc lưu dẫn (ví dụ: Tosi 30WG, Nofara 35WG, Inmanda 100WP) theo các ví dụ trong tài liệu.","[DOC 1]
CÂU HỎI: SUPAREP 22.4SC
HỎI KHÁC: [""Thông tin về SUPAREP 22.4SC"", ""Cách sử dụng SUPAREP 22.4SC"", ""SUPAREP 22.4SC có tác dụng gì?"", ""Liều dùng của SUPAREP 22.4SC là bao nhiêu?"", ""SUPAREP 22.4SC có an toàn không?"", ""Hãng sản xuất SUPAREP 22.4SC là ai?"", ""SUPAREP 22.4SC diệt được những loại sâu nào?"", ""Hướng dẫn pha SUPAREP 22.4SC""]
NỘI DUNG:
Nhóm sản phẩm: Thuốc trừ sâu. Các tên / nhãn tương đương: SUPAREP 22.4SC. Hoạt chất: spirotetramat 22.4% w/w + Chất phụ gia 77.6% w/w. Nhóm thuốc: Thuốc trừ sâu lưu dẫn. Hãng sản xuất: Qingdao Haina Biotechnology Co., Ltd. Đặc tính – công dụng: Sản phẩm là thuốc trừ sâu lưu dẫn 2 chiều, hấp thu qua lá, di chuyển cả lên và xuống trong cây gây ức chế sinh tổng hợp lipid, làm côn trùng ngừng phát triển, giảm sinh sản và chết, cơ chế hấp thu nhanh nên ít ảnh hưởng đến thiên địch, hiệu quả trên nhiều cây trồng. Sản phẩm diệt trừ tốt: rệp sáp, rệp vảy, rầy xanh, bọ trĩ, nhện đỏ, rầy phấn, sâu tơ, sâu xanh, rầy chổng cánh. Đối tượng: Cây trồng: Khoai tây, cà chua, dưa chuột, thanh long, bưởi, chè, cà chua, vải, xoài, bắp cải, cà phê, cam, bưởi, tiêu, sầu riêng, hoa cúc, hoa hồng. Sâu hại: Bọ phấn, sâu đục quả, bọ trĩ, sâu đục quả, sâu tơ, nhện, rệp sáp, rệp muỗi, rầy chổng cánh, nhện đỏ. Liều dùng – cách pha – lượng nước: 0.3 – 0.5 lít/ha. Pha 18 – 20 ml cho bình 20 lít nước. Lượng nước phun 500 – 600 lít/ha. Thời điểm – hiệu lực: Phun thuốc khi sâu, bọ mới xuất hiện, mật độ khoảng 3 – 5 con/lá hoặc khoảng từ 3 – 6 con/ngọn. Nên phun vào lúc sáng sớm hoặc chiều mát để đạt hiệu quả cao nhất. Lưu ý an toàn: Không phun khi trời sắp mưa to hoặc khi có gió lớn. Thời gian cách ly: 14 ngày với khoai tây và cà phê, 5 ngày với dưa chuột.

--------------------

[DOC 2]
CÂU HỎI: KOTO 240SC, BENXANA 240SC, KOTO 240SC GOLD
HỎI KHÁC: [""Thông tin về KOTO 240SC"", ""Cách sử dụng BENXANA 240SC"", ""KOTO 240SC GOLD có tác dụng gì?"", ""Liều dùng của KOTO 240SC là bao nhiêu?"", ""KOTO 240SC có hiệu quả với sâu nào?"", ""Hãng sản xuất của BENXANA 240SC là ai?"", ""Lưu ý khi sử dụng KOTO 240SC GOLD"", ""KOTO 240SC có thời gian cách ly bao lâu?""]
NỘI DUNG:
Nhóm sản phẩm: KOTO 240SC, BENXANA 240SC, KOTO 240SC GOLD. Các tên / nhãn tương đương: KOTO 240SC, BENXANA 240SC, KOTO 240SC GOLD. Hoạt chất: Thiacloprid 240g/lít + Phụ gia đặc biệt 760g/lít. Nhóm thuốc: Insecticide. Hãng sản xuất: Fertiagro Pte., Ltd (Singapore). Đặc tính – công dụng: Koto chứa hoạt chất Thiacloprid lưu dẫn thế hệ mới, đối kháng với thụ thể Acetylcholine nicotinic trong hệ thần kinh. Nó làm rối loạn tế bào thần kinh dẫn đến cái chết của côn trùng. Thiacloprid có phổ tác động rất rộng, hiệu quả với sâu miệng nhai và chích hút như: Rầy nâu, bọ trĩ, rệp sáp, rầy mềm, bọ nhảy, sâu đục quả, sâu đục cuống, sâu đục thân. Đối tượng: Cây trồng: Dâu tây, dưa chuột, dưa hấu, các loại hoa như Hoa cúc, hoa đồng tiền, hoa hồng, Rau họ thập tự: Bắp cải, súp lơ, su hào, táo, lúa, trà, cây rừng, cà phê. Sâu hại: Bọ phấn, bọ trĩ, rầy mềm, sâu lá, sâu đục thân, cuốn lá, bọ xít muỗi, rầy xanh, rệp sáp, mọt đục cành. Liều dùng – cách pha – lượng nước: Pha 25-50ml/bình 25 lít. Cây non, cây trồng trong nhà kính pha liều thấp (25ml/bình 25 lít). Lưu ý an toàn: Thời gian cách ly 7 ngày. Không phun thuốc khi có gió lớn hoặc trời sắp mưa to. Lượng nước phun từ 400 lít/ha. Phun thuốc ướt đều lá khi sâu mới nở, sâu còn nhỏ (tuổi 1 - 2), đối với cây non (cây còn nhỏ), cây trong nhà kính, giảm thuốc khi pha cho thích hợp.

--------------------

[DOC 3]
CÂU HỎI: TOSI 30WG, HASEIDN GOLD
HỎI KHÁC: [""Thông tin về TOSI 30WG và HASEIDN GOLD"", ""Cách sử dụng TOSI 30WG cho cây trồng"", ""TOSI 30WG có tác dụng gì?"", ""Liều dùng của HASEIDN GOLD là bao nhiêu?"", ""TOSI 30WG có an toàn không?"", ""Hướng dẫn pha chế HASEIDN GOLD"", ""TOSI 30WG có thể dùng cho loại cây nào?"", ""Thông tin về hoạt chất Acetamiprid trong TOSI 30WG""]
NỘI DUNG:
Nhóm sản phẩm: Thuốc trừ sâu. Các tên / nhãn tương đương: TOSI 30WG, HASEIDN GOLD. Hoạt chất: Acetamiprid 30% w/w + Phụ gia đặc biệt 70% w/w. Nhóm thuốc: Thuốc trừ sâu. Hãng sản xuất: Shandong United Pesticide Industry Co., Ltd. Đặc tính – công dụng: Tosi 30WG chứa hoạt chất Acetamiprid có tác dụng nội hấp cực nhanh, lưu dẫn cực mạnh. Sau khi phun thuốc thấm sâu qua bề mặt lá và lưu dẫn trong toàn bộ cây trồng, tác động lên hệ thần kinh làm côn trùng ngừng ăn và chết. Tosi 30WG đặc trị bọ phấn, rầy mềm trên rau màu: bầu bí, cà chua, dưa, bọ trĩ, rầy nâu trên lúa…. Đối tượng: Cây trồng: Bầu bí, dưa leo, dưa hấu, dưa lê, hoa các loại: Hoa cúc, hoa đồng tiền, hồng… Sâu hại: Bọ phấn, bọ trĩ, rầy mềm… Cây trồng: Rau họ thập tự: Bắp cải, súp lơ, xu hào. Sâu hại: Bọ phấn, rầy mềm. Cây trồng: Ớt các loại. Sâu hại: Bọ trĩ, rầy nâu. Cây trồng: Cây thuốc Cam thảo, tía tô, sâm ngọc linh, thủy bồn thảo. Liều dùng – cách pha – lượng nước: Pha 10g/bình 16 lít, xịt ướt đẫm cây trồng. Cây non, pha 10g/bình 25 lít, xịt ướt đẫm cây trồng. Sâu đục gốc pha 10g/20 lít, đổ 100–200ml nước đã pha/gốc. Thời điểm – hiệu lực: Không phun thuốc khi lúa đã trổ bông. Không phun thuốc khi có gió lớn hoặc trời sắp mưa to. Phun thuốc khi sâu mới nở, sâu còn nhỏ (tuổi 1–2). Lượng nước phun từ 400–500 lít/ha. Thời gian cách ly: 14 ngày. Đối với cây thuốc nam, chè (trà) cách ly 21 ngày. Lưu ý an toàn: Không phun thuốc khi lúa đã trổ bông, không phun thuốc khi có gió lớn hoặc trời sắp mưa to. Trường hợp cỏ già: Không có thông tin. Kinh nghiệm phối trộn: Không có thông tin.

--------------------

[DOC 4]
CÂU HỎI: Xử lý Rầy xanh; rầy chổng cánh; rầy phấn; rầy mềm, bọ phấn khi mật độ bình thường như thế nào?
HỎI KHÁC: Cách xử lý Rầy xanh; rầy chổng cánh; rầy phấn; rầy mềm, bọ phấn khi mật độ bình thường?|Rầy xanh; rầy chổng cánh; rầy phấn; rầy mềm, bọ phấn bình thường xử lý sao?|Thuốc nào trị Rầy xanh; rầy chổng cánh; rầy phấn; rầy mềm, bọ phấn bình thường?|Phác đồ phòng trừ Rầy xanh; rầy chổng cánh; rầy phấn; rầy mềm, bọ phấn bình thường?|Cách trị Ray xanh; ray chong canh; ray phan; ray mem, bo phan bình thường?|Xử lý Rầy xanh; rầy chổng cánh; rầy phấn; rầy mềm, bọ phấn như thế nào?
NỘI DUNG:
Xông hơi hoặc Tiếp xúc  hoặc Tiếp xúc-lưu dẫn  + Toàn bộ Lưu dẫn (Thường và mạnh). Ví dụ:  Tamastras + Tosi; Santoso + Nofara; Zigen + Inmanda;

--------------------

[DOC 5]
CÂU HỎI: Thuốc BVTV Koto 240SC thường (Nhân Mã) có thành phần và công dụng chính là gì?
HỎI KHÁC: Thuốc Koto 240SC dùng để làm gì? | Thành phần và công dụng của Koto 240SC là gì? | Koto 240SC có tác dụng trên sâu bệnh nào? | Thuốc Koto 240SC có đặc điểm gì nổi bật?
NỘI DUNG:
Koto 240SC thường (Nhân Mã) là thuốc bảo vệ thực vật chứa hoạt chất Thiacloprid với nồng độ 240g/lít, được đóng gói dưới dạng chai 25ml và 200ml. Thuốc có tác dụng đặc hiệu trên các đối tượng sâu cuốn lá, sâu đục thân, rầy nâu trên cây lúa; rệp sáp trên cây cà phê; và sâu đục quả trên cây đậu tương. Thuốc thuộc dòng hoạt chất lưu dẫn, giúp thuốc thấm sâu và phát huy hiệu quả lâu dài trong cây trồng. Đây là dòng hoạt chất ít công ty sản xuất, mang lại hiệu quả cao trong phòng trừ sâu hại.

--------------------

[DOC 6]
CÂU HỎI: Nofara 35WG (Vua Trĩ) là thuốc bảo vệ thực vật có thành phần và công dụng như thế nào?
HỎI KHÁC: Nofara 35WG (Vua Trĩ) dùng để trừ sâu gì trên cây lúa?|Thành phần chính của Nofara 35WG (Vua Trĩ) là gì?|Nofara 35WG (Vua Trĩ) có công dụng trên cây cà phê như thế nào?|Nofara 35WG (Vua Trĩ) được đóng gói với quy cách nào?
NỘI DUNG:
Nofara 35WG (Vua Trĩ) là thuốc bảo vệ thực vật của công ty Tỷ Phúc Thịnh, chứa hoạt chất Thiamethoxam 35% w/w. Sản phẩm được đóng gói dưới dạng Delta với quy cách 25gr và 100gr. Thuốc có đặc tính lưu dẫn. Thuốc có tác dụng trừ các loại sâu chích hút tổng hợp trên nhiều loại cây trồng như lúa (bọ trĩ, rầy nâu, bọ xít), mía (rệp bông xơ, rệp sáp), cà phê (rệp sáp, rệp muội, sâu đục cành), thuốc lá (rệp sáp), điều (bọ xít, bọ trĩ), khoai tây (rệp đào) và hoa cúc (bọ trĩ). Sản phẩm có lưu dẫn khi sử dụng và là đối thủ cạnh tranh với Actara 25% WG của Syngenta.

--------------------

[DOC 7]
CÂU HỎI: Oscare 600WG (Ram Thái) là thuốc bảo vệ thực vật có thành phần hoạt chất nào và công dụng ra sao?
HỎI KHÁC: Thuốc Oscare 600WG có thành phần gì và công dụng thế nào? | Thuốc Oscare 600WG dùng để diệt sâu bệnh nào? | Oscare 600WG dùng cho cây trồng nào? | Thuốc Oscare 600WG có lưu ý gì khi sử dụng?
NỘI DUNG:
Oscare 600WG (Ram Thái) chứa hoạt chất pymetrozine với nồng độ 600g/kg. Sản phẩm được đóng gói dưới dạng BMC với các quy cách 20gr, 25gr (của Tỷ Phúc Thịnh) và 25gr, 100gr (của Phúc Thịnh). Thuốc có công dụng diệt trừ các loại côn trùng chích hút như bọ phấn, bọ trĩ, rầy mềm, rầy xanh, bọ ngâu trên nhiều loại cây trồng như dâu tây, dưa chuột, dưa hấu, chè (trà), thanh long, các loại hoa như hoa cúc, hoa đồng tiền, hoa hồng; cũng như bọ phấn, rầy mềm, bọ nhảy trên rau họ thập tự như bắp cải, súp lơ, xu hào; và bọ trĩ, rầy nâu, rầy xanh trên lúa. Thuốc nổi bật với khả năng diệt trừ các loại côn trùng chích hút hiệu quả. Sản phẩm có đối thủ cạnh tranh là Chess 50WG của Syngenta. Lưu ý khi sử dụng cần lưu dẫn theo hướng dẫn.

--------------------

[DOC 8]
CÂU HỎI: Suparep 22.4SC là thuốc bảo vệ thực vật có thành phần gì và công dụng ra sao?
HỎI KHÁC: Thuốc Suparep 22.4SC có thành phần gì và công dụng chính? | Suparep 22.4SC dùng để diệt sâu bệnh nào trên cây trồng? | Thành phần và công dụng của Suparep 22.4SC là gì?
NỘI DUNG:
Suparep 22.4SC của công ty Tỷ Phúc Thịnh chứa hoạt chất spirotetramat 22.4% w/w, đóng gói dạng Delta 240ml. Thuốc có đặc tính lưu dẫn. Thuốc có tác dụng diệt các loại sâu bệnh như bọ phấn, sâu đục quả trên khoai tây, cà chua; bọ trĩ, sâu đục quả, sâu tơ, nhện trên dưa chuột, thanh long, bưởi, chè, cà chua, vải, xoài, bắp cải; rệp sáp, rệp muội, rầy chổng cánh trên cà phê, cam, bưởi, tiêu, sầu riêng; và nhện đỏ trên hoa cúc, hoa hồng. Thuốc có đặc điểm lưu dẫn 2 chiều (trên xuống và dưới lên), diệt được rệp sâu trong lá, dưới mặt lá và trong chồi non, đặc trị rệp sáp, rệp vảy, bọ phấn, bọ trĩ, rệp sáp rễ. Có thể phun kết hợp với dinotefuran, Buprofezin và Lekima để tăng hiệu quả. Thuốc đối thủ là Movento 150 (Bayer).

--------------------

[DOC 9]
CÂU HỎI: Sản phẩm Inmanda 100WP (Siêu Imida 100WP Super) là thuốc bảo vệ thực vật có đặc điểm gì nổi bật?
HỎI KHÁC: Inmanda 100WP là thuốc gì? | Công dụng chính của Inmanda 100WP là gì? | Inmanda 100WP dùng cho cây trồng nào? | Đặc điểm nổi bật của Inmanda 100WP là gì?
NỘI DUNG:
Inmanda 100WP (Siêu Imida 100WP Super) chứa hoạt chất Imidacloprid 100g/kg, thuộc nhóm thuốc lưu dẫn thế hệ đầu, có khả năng diệt trừ nhiều loại sâu hại như bọ nhảy, rệp sáp, bọ phấn, bọ trĩ, bọ xít, rầy nâu, rầy xanh, rầy mềm, bọ ngâu trên các loại cây trồng như lúa, rau màu, cây ăn trái và cây công nghiệp. Sản phẩm được đóng gói 100gr, phù hợp dùng làm thuốc nền kết hợp với các thuốc khác, có giá thành bình dân.Thuốc có đặc tính lưu dẫn.

--------------------

[DOC 10]
CÂU HỎI: Oscare 100WP dùng để phòng trừ sâu bệnh trên những cây trồng nào?
HỎI KHÁC: Oscare 100WP dùng cho cây trồng nào? | Thuốc Oscare 100WP có tác dụng trên sâu bệnh nào? | Oscare 100WP có thể dùng cho cây cà phê không?
NỘI DUNG:
Oscare 100WP được sử dụng để phòng trừ các loại sâu chích hút trên nhiều loại cây trồng như: lúa (rầy nâu, rầy lưng trắng, bọ xít), mía (rệp bông xơ, rệp sáp), cà phê và hồ tiêu (rầy xanh, rệp sáp), điều (bọ xít muỗi), sắn và hoa hồng (bọ phấn, rệp muội), rau màu và cây ăn trái (bọ nhảy, bọ phấn, rầy mềm, bọ xít, bọ trĩ, bọ ngâu, rầy xanh).

--------------------

[DOC 11]
CÂU HỎI: Sản phẩm Nofara 35WG (Vua Trĩ) có những lưu ý quan trọng khi sử dụng không?
HỎI KHÁC: Lưu ý khi sử dụng Nofara 35WG (Vua Trĩ) là gì?|Có cần lưu dẫn khi dùng Nofara 35WG (Vua Trĩ) không?|Nofara 35WG (Vua Trĩ) có an toàn cho tất cả các loại cây trồng không?
NỘI DUNG:
Khi sử dụng Nofara 35WG (Vua Trĩ), người dùng cần lưu ý thuốc có lưu dẫn, tức là cần tuân thủ các hướng dẫn về thời gian cách ly trước khi thu hoạch và không phun thuốc vượt quá liều lượng khuyến cáo để đảm bảo an toàn cho cây trồng và người tiêu dùng. Ngoài ra, cần tránh phun thuốc lên các cây không nằm trong danh sách đối tượng sử dụng để tránh gây hại không mong muốn.

--------------------

[DOC 12]
CÂU HỎI: Phác đồ phối hợp thuốc phòng trừ nhóm sâu chích hút là gì?
HỎI KHÁC: Phác đồ phòng trừ sâu chích hút gồm những thuốc nào?|Cách phối hợp Suparep, Ecudor, Tamatras với thuốc lưu dẫn ra sao?|Lưu ý khi dùng thuốc lưu dẫn trong phác đồ sâu chích hút
NỘI DUNG:
Đối tượng sâu hại là nhóm chích hút. Công thức phối hợp khuyến cáo gồm Suparep, Ecudor hoặc Tamatras kết hợp với toàn bộ thuốc lưu dẫn (bao gồm loại thường và mạnh). Việc phối hợp này giúp tăng hiệu quả phòng trừ sâu hại nhờ tác động kép vừa tiếp xúc vừa lưu dẫn. Lưu ý khi sử dụng cần tuân thủ đúng liều lượng và điều kiện áp dụng của từng loại thuốc để tránh gây hại cho cây trồng và môi trường.

--------------------

[DOC 13]
CÂU HỎI: Nofara 35WG (Recxona 35WG) là thuốc bảo vệ thực vật có thành phần và công dụng như thế nào?
HỎI KHÁC: Nofara 35WG (Recxona 35WG) dùng để trừ sâu gì trên cây lúa?|Thành phần chính của Nofara 35WG (Recxona 35WG) là gì?|Nofara 35WG (Recxona 35WG) có công dụng trên cây cà phê như thế nào?|Nofara 35WG (Recxona 35WG) được đóng gói với quy cách nào?
NỘI DUNG:
Nofara 35WG (Recxona 35WG) là thuốc bảo vệ thực vật của công ty Tỷ Phúc Thịnh, chứa hoạt chất Thiamethoxam 35% w/w. Sản phẩm được đóng gói dưới dạng Delta với quy cách 25gr và 100gr. Thuốc có tác dụng trừ các loại sâu chích hút tổng hợp trên nhiều loại cây trồng như lúa (bọ trĩ, rầy nâu, bọ xít), mía (rệp bông xơ, rệp sáp), cà phê (rệp sáp, rệp muội, sâu đục cành), thuốc lá (rệp sáp), điều (bọ xít, bọ trĩ), khoai tây (rệp đào) và hoa cúc (bọ trĩ). Sản phẩm có lưu dẫn khi sử dụng và là đối thủ cạnh tranh với Actara 25% WG của Syngenta.

--------------------

[DOC 14]
CÂU HỎI: Oscare 100WP là thuốc bảo vệ thực vật có thành phần hoạt chất gì và công dụng ra sao?
HỎI KHÁC: Thuốc Oscare 100WP có thành phần gì và công dụng ra sao? | Oscare 100WP dùng để phòng trừ sâu bệnh nào trên cây trồng? | Thuốc Oscare 100WP có điểm gì nổi bật? | Liều dùng và lưu ý khi sử dụng Oscare 100WP là gì?
NỘI DUNG:
Oscare 100WP chứa hoạt chất pymetrozine với nồng độ 100g/kg, được đóng gói dạng Delta 100gr. Thuốc có đặc tính lưu dẫn. Thuốc chuyên dùng để phòng trừ các loại sâu trùng chích hút như rầy nâu, rầy lưng trắng, bọ xít trên lúa; rệp bông xơ, rệp sáp trên mía; rầy xanh, rệp sáp trên cà phê và hồ tiêu; bọ xít muỗi trên điều; bọ phấn, rệp muội trên sắn và hoa hồng; cùng nhiều loại sâu chích hút khác trên rau màu và cây ăn trái như bọ nhảy, bọ phấn, rầy mềm, bọ xít, bọ trĩ, bọ ngâu, rầy xanh. Sản phẩm nổi bật vì là thuốc duy nhất có dạng pymetrozine 100WP trên thị trường. Lưu ý khi sử dụng cần tuân thủ hướng dẫn để tránh lưu dẫn thuốc.

--------------------

[DOC 15]
CÂU HỎI: Sản phẩm Tosi 30WG là thuốc bảo vệ thực vật có thành phần và công dụng như thế nào?
HỎI KHÁC: Tosi 30WG dùng để diệt sâu gì trên cây lúa? | Thành phần chính của Tosi 30WG là gì? | Tosi 30WG có những quy cách đóng gói nào? | Sản phẩm Tosi 30WG có công dụng gì? | Lưu ý khi sử dụng Tosi 30WG là gì?
NỘI DUNG:
Tosi 30WG là thuốc bảo vệ thực vật chứa hoạt chất Acetamiprid 30% w/w, được sản xuất bởi công ty Tỷ Phúc Thịnh. Thuốc có đặc tính lưu dẫn. Sản phẩm có quy cách bán đa dạng như Agrishop: 18gr, 100gr; BMC: 10g, 20g, 50g, 100g; Phúc Thịnh: 15g, 50g, 100g. Tosi 30WG chuyên dùng để diệt trừ các loại sâu chích hút như rầy nâu trên lúa, bọ trĩ trên điều, rệp sáp cà phê, bọ phấn, bướm trắng,. Sản phẩm nổi bật với khả năng diệt trừ hiệu quả các loại sâu chích hút. Lưu ý khi sử dụng sản phẩm cần tuân thủ các hướng dẫn về lưu dẫn để đảm bảo an toàn và hiệu quả.

--------------------

[DOC 16]
CÂU HỎI: Xử lý Rệp sáp; rệp vảy  như thế nào?
HỎI KHÁC: Cách xử lý Rệp sáp; rệp vảy?|Rệp sáp; rệp vảyxử lý sao?|Thuốc nào trị Rệp sáp; rệp vảy?|Phác đồ phòng trừ Rệp sáp; rệp vảy?|Cách trị Rep sap; rep vay?|Xử lý Rệp sáp; rệp vảy như thế nào?
NỘI DUNG:
Suparep/Ecudor/ Tamatras +  Toàn bộ Lưu dẫn (thường và mạnh).Ví dụ: Supaprep + Rayanusa (Vô địch rệp ráp, mát cây).

--------------------

[DOC 17]
CÂU HỎI: Xử lý Bọ nhảy như thế nào?
HỎI KHÁC: Cách xử lý Bọ nhảy?|Thuốc nào trị Bọ nhảy?|Công thức diệt Bọ nhảy hiệu quả?|Bọ nhảy xử lý sao cho dứt điểm?
NỘI DUNG:
Bọ nhảy có thể xử lý theo công thức giống sâu tơ kết hợp thêm thuốc lưu dẫn nếu vừa muốn diệt sâu tơ và bọ nhảy cùng lúc. Trường hợp chỉ cần diệt riêng bọ nhảy, có thể sử dụng Bipimai kết hợp thuốc lưu dẫn và abamectin 3.6 (dạng đục hoặc trong) để tăng hiệu quả tiếp xúc và lưu dẫn. Phun khi bọ nhảy hoạt động mạnh (thường sáng sớm hoặc chiều mát).

--------------------

[DOC 18]
CÂU HỎI: Xử lý Rầy nâu; rầy lưng trắng - Rất hay kháng thuốc khi mật độ cao như thế nào?
HỎI KHÁC: Cách xử lý Rầy nâu; rầy lưng trắng - Rất hay kháng thuốc khi mật độ cao?|Rầy nâu; rầy lưng trắng - Rất hay kháng thuốc cao xử lý sao?|Thuốc nào trị Rầy nâu; rầy lưng trắng - Rất hay kháng thuốc cao?|Phác đồ phòng trừ Rầy nâu; rầy lưng trắng - Rất hay kháng thuốc cao?|Cách trị Ray nau; ray lung trang - Rat hay khang thuoc cao?|Rầy nâu; rầy lưng trắng - Rất hay kháng thuốc kháng thuốc nên làm gì?
NỘI DUNG:
Exami 50gram + Binhfos 50ml  /25L nước đạt hiệu quả 90-95%. Có thể thay binhfos bằng Xông hơi mạnh khác

--------------------

[DOC 19]
CÂU HỎI: Xử lý Trĩ - Rất hay kháng thuốc  như thế nào?
HỎI KHÁC: Cách xử lý Trĩ - Rất hay kháng thuốc?|Trĩ - Rất hay kháng thuốc xử lý sao?|Thuốc nào trị Trĩ - Rất hay kháng thuốc?|Phác đồ phòng trừ Trĩ - Rất hay kháng thuốc?|Cách trị Tri - Rat hay khang thuoc?|Trĩ - Rất hay kháng thuốc kháng thuốc nên làm gì?
NỘI DUNG:
Zigen Super 240ml + Nofara 240ml + bám dính 100ml /200L nước diệt trĩ hiệu quả 80-90% Oxatin 240ml + Nofara 240ml + bám dính 100ml /200L nước diệt trĩ hiệu quả 90% (Với chè thì dùng Igro Xpro rất hiệu quả : đạt từ 80-90%, đã thử nghiệm tại Thái Nguyên, liều 20ml/20L nước)

--------------------

[DOC 20]
CÂU HỎI: TRÙM CHÍCH HÚT - TRĨ
HỎI KHÁC: [""Thông tin về TRÙM CHÍCH HÚT - TRĨ"", ""Cách sử dụng TRÙM CHÍCH HÚT - TRĨ"", ""TRÙM CHÍCH HÚT - TRĨ có tác dụng gì?"", ""Liều dùng của TRÙM CHÍCH HÚT - TRĨ"", ""TRÙM CHÍCH HÚT - TRĨ có an toàn không?"", ""Hướng dẫn sử dụng TRÙM CHÍCH HÚT - TRĨ"", ""TRÙM CHÍCH HÚT - TRĨ phòng trừ sâu hại nào?"", ""Thông tin sản phẩm TRÙM CHÍCH HÚT - TRĨ""]
NỘI DUNG:
Nhóm sản phẩm: Thuốc trừ sâu. Các tên / nhãn tương đương: TRÙM CHÍCH HÚT - TRĨ. Hoạt chất: pymetrozine. Nhóm thuốc: Thuốc trừ sâu. Hãng sản xuất: Biocrop Pte Ltd (Singapore). Đặc tính – công dụng: Hoạt chất pymetrozine là thuốc lưu dẫn, có tác dụng tiếp xúc, vị độc, lưu dẫn nhanh, cơ chế tác động đến tế bào thần kinh làm côn trùng không thể chích hút và chết. Sản phẩm được nhiều công ty đăng ký phòng trừ: Bọ nhảy, rệp sáp, bọ phấn, bọ trĩ (bọ cánh tơ), bọ xít, rầy nâu, rầy xanh, rầy mềm, bọ ngâu. Đối tượng: Cây trồng: Lúa, Mía, Cà phê, hồ tiêu, Điều, Sắn, hoa hồng, Rau màu, cây ăn trái. Sâu hại: Rầy nâu, rầy lưng trắng, bọ xít, Rệp bông xơ, rệp sáp, Rầy xanh, rệp sáp, Bọ xít muỗi, Bọ phấn, rệp muội, Bọ nhảy, bọ phấn, rầy mềm, bọ xít, bọ trĩ, bọ ngâu, rầy xanh. Liều dùng – cách pha – lượng nước: Sử dụng: 0.5 - 1.0 kg/ ha. Pha 10 - 15g/ bình 20 lít phun cho 1 sào Bắc bộ (360m2). Pha 20 - 25g/ bình 25 lít phun 1 - 2 bình/ 1 công Nam Bộ. Thời điểm – hiệu lực: Phun ướt đều tán lá cây trồng khi sâu hại xuất hiện. Lưu ý an toàn: Thời gian cách ly 14 ngày. Lượng nước phun: 400 - 500 lít/ ha.

--------------------

[DOC 21]
CÂU HỎI: Xử lý Trĩ - Rất hay kháng thuốc khi mật độ cao như thế nào?
HỎI KHÁC: Cách xử lý Trĩ - Rất hay kháng thuốc khi mật độ cao?|Trĩ - Rất hay kháng thuốc cao xử lý sao?|Thuốc nào trị Trĩ - Rất hay kháng thuốc cao?|Phác đồ phòng trừ Trĩ - Rất hay kháng thuốc cao?|Cách trị Tri - Rat hay khang thuoc cao?|Trĩ - Rất hay kháng thuốc kháng thuốc nên làm gì?
NỘI DUNG:
Tiếp xúc -lưu dẫn mạnh + Lưu dẫn. 2 sản phẩm trừ trĩ xuất sắc nhất hiện nay của nhóm Tiếp xúc-lưu dẫn mạnh: Oxatin; Zigen Super

--------------------

[DOC 22]
CÂU HỎI: Xiexie 200WP ANH HÙNG KHUẨN
HỎI KHÁC: [""Thông tin về Xiexie 200WP ANH HÙNG KHUẨN"", ""Cách sử dụng Xiexie 200WP ANH HÙNG KHUẨN"", ""Xiexie 200WP ANH HÙNG KHUẨN có tác dụng gì?"", ""Liều dùng của Xiexie 200WP ANH HÙNG KHUẨN là bao nhiêu?"", ""Xiexie 200WP ANH HÙNG KHUẨN có an toàn không?"", ""Hướng dẫn sử dụng Xiexie 200WP ANH HÙNG KHUẨN"", ""Xiexie 200WP ANH HÙNG KHUẨN phòng trừ bệnh gì?"", ""Thông tin về hoạt chất trong Xiexie 200WP ANH HÙNG KHUẨN""]
NỘI DUNG:
Nhóm sản phẩm: Thuốc trừ nấm bệnh do vi khuẩn. Các tên / nhãn tương đương: Xiexie 200WP ANH HÙNG KHUẨN. Hoạt chất: Bismerthiazol (Sai ku zuo) 200g/kg - Special additives 800g/kg. Nhóm thuốc: Thuốc trừ nấm. Hãng sản xuất: Shenzhen Dehao Pesticides Co., Ltd. Đặc tính – công dụng: Xiexie 200WP là thuốc trừ nấm bệnh do vi khuẩn, có tác động nội hấp mạnh. Thuốc được dùng phòng trừ các loại bệnh do vi khuẩn gây hại cây trồng như: Bạc lá, vàng lá, loét vi khuẩn, thán thư, đốm nâu, đốm đen, phấn trắng, rỉ sắt, sương mai, héo rủ,. Đối tượng: Cây trồng: Lúa, Cam, chanh, Bắp cải, xoài, Cải, cà chua, hành, sầu riêng, đậu tương (đậu nành), Khoai lang, ớt, dưa hấu, dưa lưới, dưa leo, Hoa hồng. Bệnh hại: Thối gốc vi khuẩn, Bạc lá (cháy bìa lá), Loét vi khuẩn, ghẻ, Thối đen, thối nhũn, Đốm lá vi khuẩn, Héo rủ, héo xanh, Phấn trắng, Đốm đen, xì mủ. Liều dùng – cách pha – lượng nước: Phun 1.5kg/ha (Pha 30 - 50g/bình 20 lít nước). Lượng nước phun từ 500 lít/ha. Thời điểm – hiệu lực: Phun thuốc khi vết bệnh chớm xuất hiện. Thời điểm: Phun vào sáng sớm hoặc chiều mát để đạt hiệu quả cao. Lưu ý an toàn: Không phun khi trời sắp mưa to hoặc khi có gió lớn. Thời gian cách ly: 7 ngày sau khi phun.

--------------------

[DOC 23]
CÂU HỎI: Vai trò của thuốc trừ nấm sau thu hoạch đối với cam quýt là gì?
HỎI KHÁC: Vì sao cần xử lý thuốc sau thu hoạch?|Thuốc sau thu hoạch giúp giữ trái được lâu hơn không?|Có cần phun thuốc sau thu hoạch không?
NỘI DUNG:
Thuốc trừ nấm sau thu hoạch giúp phòng ngừa nấm gây thối trái như mốc xanh, mốc xanh lam và thối chua, bảo vệ chất lượng trái trong quá trình bảo quản, vận chuyển và tiêu thụ.

--------------------

[DOC 24]
CÂU HỎI: Xử lý Sùng; bọ hà như thế nào?
HỎI KHÁC: Cách xử lý Sùng; bọ hà?|Sùng; bọ hàxử lý sao?|Thuốc nào trị Sùng; bọ hà?|Phác đồ phòng trừ Sùng; bọ hà?|Cách trị Sung; bo ha?|Xử lý Sùng; bọ hà như thế nào?
NỘI DUNG:
Dùng dòng xông hơi pha tưới  hoặc dạng GR hạt rải đầu vụ.",[],,[]
2026-01-23 11:24:11,RAG,thuốc trừ sâu đục cành,Thuốc trừ sâu đục cành.,,0.0,0.0,0.0,0.0,0,0.0,"Dưới đây là các sản phẩm thuốc trừ sâu đục cành được xác nhận trong tài liệu, trình bày chi tiết theo từng sản phẩm, đảm bảo đúng yêu cầu về đối tượng, cây trồng và cơ chế tác động.

---

### 1. PANDA 4GR (GÀ ĐÁ 4 GR)

- **Hoạt chất:** Cartap Hydrochloride 4% w/w + Phụ gia đặc biệt 96% w/w  
- **Nhóm thuốc:** Carbamate  
- **Hãng sản xuất:** Wu Zin Pesticide Factory  
- **Cơ chế tác động:** Tiếp xúc, vị độc, lưu dẫn  
- **Đối tượng trừ:** Sâu đục cành, sâu đục thân, sâu cuốn lá, bọ trĩ, rầy nâu, rệp sáp, rệp muội, sâu đục cành, bọ xít muỗi, sâu khoang, sâu xanh, sâu đục hoa, sâu ăn lá  
- **Cây trồng áp dụng:** Lúa, Mía, Ngô, Cà phê, Thuốc lá, Điều, Hồ tiêu, Lạc, Đậu, Rau cải, Các loại hoa  
- **Liều dùng:** 15 - 20 kg/ha  
- **Cách dùng:** Rải thuốc trên mặt ruộng khi thấy bướm xuất hiện rộ hoặc khi sâu rầy vừa xuất hiện. Sử dụng vào sáng sớm hoặc chiều để đạt hiệu quả cao nhất.  
- **Lưu ý an toàn:** Không sử dụng khi trời sắp mưa to hoặc khi có gió lớn.  
- **Thông tin thêm:** Thuốc dùng để rải diệt sâu bọ và côn trùng trong đất, đặc biệt hiệu quả với sâu đục cành trên cây cà phê.

---

### 2. Ledan 95SP (Padan Japan Túi đỏ)

- **Hoạt chất:** Cartap Hydrochloride 95% w/w  
- **Nhóm thuốc:** Thuốc trừ sâu tiếp xúc  
- **Hãng sản xuất:** Công ty Tỷ Phúc Thịnh  
- **Cơ chế tác động:** Tiếp xúc  
- **Đối tượng trừ:** Sâu đục thân, sâu cuốn lá, bọ trĩ, rầy nâu, rệp sáp, rệp muội, sâu đục cành, bọ xít muỗi, sâu khoang, sâu xanh, sâu đục hoa, sâu ăn lá  
- **Cây trồng áp dụng:** Lúa, Mía, Ngô, Cà phê, Thuốc lá, Điều, Hồ tiêu, Lạc, Đậu, Rau cải, Các loại hoa  
- **Đặc điểm:** Thuốc đặc biệt hiệu quả trong việc trừ sâu cuốn lá, sâu đục thân và sâu đục trái (bao gồm sâu đục cành).  
- **Thông tin liều dùng, cách pha:** Không có thông tin chi tiết trong tài liệu.  
- **Lưu ý an toàn:** Không có thông tin chi tiết trong tài liệu.

---

### 3. SHA CHONG JING 95WP

- **Hoạt chất:** Thiosultap-sodium (Nereistoxin) (Monosultap) 95% w/w  
- **Nhóm thuốc:** Thuốc trừ sâu tiếp xúc, vị độc, xông hơi  
- **Hãng sản xuất:** Liyang Lihua Chemical Co., Ltd.  
- **Cơ chế tác động:** Tiếp xúc, vị độc, xông hơi  
- **Đối tượng trừ:** Sâu cuốn lá, sâu đục thân, bọ trĩ (bù lạch), sâu năng (muỗi hành), rệp sáp, bọ xít muỗi, sâu khoang, rầy nâu, sâu đục bẹ, sâu đục nụ (hoa hồng)  
- **Cây trồng áp dụng:** Lúa, Ngô (bắp), Mía, Lạc, Đậu tương, Điều, Cà phê, Hoa hồng  
- **Liều dùng:** 0.45 - 0.6 kg/ha; pha 10 - 14 g thuốc/bình 10 lít nước; phun 1.5 bình cho 1 sào Bắc Bộ (360 m²), 3 bình cho 1 sào Trung Bộ (500 m²), 6 bình cho 1 công Hoa hồng (1.000 m²)  
- **Lưu ý an toàn:** Lượng nước phun 500 - 600 lít/ha; không phun khi có gió lớn hoặc trời sắp mưa to; không phun cho cây dâu nuôi tằm; không phun khi cây có hoa hoặc lá còn ướt hoặc có sương; có thể trộn chung với các loại thuốc BVTV khác trừ thuốc có tính kiềm.  
- **Thông tin thêm:** Thuốc có tác dụng diệt sâu đục thân, sâu đục nụ, phù hợp với sâu đục cành trên cây cà phê và các cây khác trong danh sách.

---

### 4. Siêu diệt sâu (Tamatra S 18SC)

- **Hoạt chất:** Spirotetramat 10% w/w + Tolfenpyrad 8% w/w SC  
- **Nhóm thuốc:** Thuốc trừ sâu lưu dẫn  
- **Hãng sản xuất:** Hailir Pesticide and Chemicals Group Co., Ltd.  
- **Cơ chế tác động:** Lưu dẫn (thuốc hấp thu và di chuyển trong cây)  
- **Đối tượng trừ:** Sâu cuốn lá nhỏ, bọ trĩ, rầy xanh, rệp sáp, bọ cánh tơ, sâu đục quả, bọ phấn, sâu tơ, sâu xanh, sâu khoang, sâu vẽ bùa, rầy chổng cánh  
- **Cây trồng áp dụng:** Lúa, Rau cải, Chè, Cà chua, Bắp cải, Cam  
- **Thông tin về sâu đục cành:** Không có thông tin xác nhận sâu đục cành trong tài liệu  
- **Liều dùng:** Pha 30 ml cho bình 16 - 25 lít nước  
- **Lưu ý an toàn:** Không phun khi có gió lớn hoặc sắp có mưa khoảng 1 giờ; luân phiên sử dụng để tránh kháng thuốc; thời gian cách ly 7 ngày.  
- **Ghi chú:** Chưa có thông tin xác nhận về cơ chế và hiệu quả dùng cho sâu đục cành.

---

### 5. Ecudor 22.4SC

- **Hoạt chất:** Spirotetramat 22.4% w/w + Chất phụ gia 77.6% w/w  
- **Nhóm thuốc:** Thuốc trừ sâu lưu dẫn  
- **Hãng sản xuất:** Guilin Jiqi Group., Ltd.  
- **Cơ chế tác động:** Lưu dẫn (thuốc hấp thu và di chuyển trong cây)  
- **Đối tượng trừ:** Rệp sáp, rệp vảy, rầy xanh, bọ trĩ, nhện đỏ, rầy phấn, sâu tơ, sâu xanh, rầy chổng cánh  
- **Cây trồng áp dụng:** Khoai tây, cà chua, dưa chuột, thanh long, bưởi, chè, vải, xoài, bắp cải, cà phê, cam, bưởi, tiêu, sầu riêng, hoa cúc, hoa hồng  
- **Thông tin về sâu đục cành:** Không có thông tin xác nhận sâu đục cành trong tài liệu  
- **Liều dùng:** 0.3 – 0.5 lít/ha; pha 18 – 20 ml cho bình 20 lít nước; lượng nước phun 500 – 600 lít/ha  
- **Lưu ý an toàn:** Không phun khi trời sắp mưa to hoặc khi có gió lớn; thời gian cách ly 14 ngày với khoai tây và cà phê, 5 ngày với dưa chuột.  
- **Ghi chú:** Chưa có thông tin xác nhận về cơ chế và hiệu quả dùng cho sâu đục cành.

---

### 6. TRÙM CHÍCH HÚT - TRĨ

- **Hoạt chất:** Pymetrozine  
- **Nhóm thuốc:** Thuốc trừ sâu lưu dẫn  
- **Hãng sản xuất:** Biocrop Pte Ltd (Singapore)  
- **Cơ chế tác động:** Tiếp xúc, vị độc, lưu dẫn  
- **Đối tượng trừ:** Rầy nâu, rầy lưng trắng, bọ xít, rệp bông xơ, rệp sáp, rầy xanh, rệp sáp, bọ xít muỗi, bọ phấn, rệp muội, bọ nhảy, bọ phấn, rầy mềm, bọ xít, bọ trĩ, bọ ngâu, rầy xanh  
- **Cây trồng áp dụng:** Lúa, Mía, Cà phê, Hồ tiêu, Điều, Sắn, hoa hồng, Rau màu, cây ăn trái  
- **Liều dùng:** 0.5 - 1.0 kg/ha; pha 10 - 15 g/bình 20 lít (1 sào Bắc bộ), pha 20 - 25 g/bình 25 lít (1-2 bình/1 công Nam Bộ)  
- **Lượng nước phun:** 400 - 500 lít/ha  
- **Lưu ý an toàn:** Thời gian cách ly 14 ngày  
- **Thông tin về sâu đục cành:** Không có thông tin xác nhận sâu đục cành trong tài liệu.

---

## Tóm tắt và lưu ý quan trọng

- **Thuốc trừ sâu đục cành có cơ chế tiếp xúc, vị độc, lưu dẫn và áp dụng cho cây trồng phù hợp trong tài liệu là:**
  - PANDA 4GR (GÀ ĐÁ 4 GR): có xác nhận sâu đục cành, cơ chế tiếp xúc, vị độc, lưu dẫn, dùng cho cà phê và nhiều cây trồng khác.
  - Ledan 95SP: xác nhận sâu đục cành, cơ chế tiếp xúc, dùng cho nhiều cây trồng trong đó có cà phê.
  - SHA CHONG JING 95WP: xác nhận sâu đục thân, sâu đục nụ, cơ chế tiếp xúc, vị độc, xông hơi, dùng cho cà phê và hoa hồng.
  
- Các sản phẩm chứa spirotetramat (Siêu diệt sâu, Ecudor 22.4SC) có cơ chế lưu dẫn, nhưng tài liệu không xác nhận dùng cho sâu đục cành.

- TRÙM CHÍCH HÚT - TRĨ có cơ chế tiếp xúc, vị độc, lưu dẫn nhưng không có thông tin xác nhận sâu đục cành.

- Không có sản phẩm nào khác trong tài liệu được xác nhận rõ ràng về công dụng trừ sâu đục cành với cây trồng phù hợp.

---

Nếu cần thông tin chi tiết về liều dùng, cách pha hoặc lưu ý an toàn của từng sản phẩm, vui lòng yêu cầu cụ thể.","[DOC 1]
CÂU HỎI: JAPASA 50EC
HỎI KHÁC: [""Thông tin về JAPASA 50EC"", ""Cách sử dụng JAPASA 50EC"", ""JAPASA 50EC có tác dụng gì?"", ""Liều dùng của JAPASA 50EC là bao nhiêu?"", ""JAPASA 50EC có an toàn không?"", ""Hướng dẫn phun JAPASA 50EC"", ""JAPASA 50EC phòng trừ sâu hại nào?"", ""JAPASA 50EC có những lưu ý gì khi sử dụng?""]
NỘI DUNG:
Nhóm sản phẩm: Thuốc trừ sâu. Các tên / nhãn tương đương: JAPASA 50EC. Hoạt chất: Fenobucarb 500g/L - Special additives 500g/L. Nhóm thuốc: Thuốc trừ sâu. Hãng sản xuất: Forward International Ltd (Taiwan). Đặc tính – công dụng: Sản phẩm chứa hoạt chất Fenobucarb tác động vào hệ thần kinh côn trùng thông qua tiếp xúc, xông hơi, vị độc gây ức chế hoạt động của enzyme dẫn đến tình trạng giật, tê liệt và chết. Sản phẩm chuyên dùng phòng trừ các loài chích hút, đặc biệt là các loại rầy, rệp, bọ trĩ, bọ xít…. Đối tượng: Cây trồng: Lúa, Bông vải, đậu tương, cà phê, thuốc lá, Hồ tiêu. Sâu hại: Rầy nâu, rầy lưng trắng, sâu keo, Rệp, bọ trĩ, rệp vảy, Bọ xít, rệp sáp…. Liều dùng – cách pha – lượng nước: Liều dùng: 0.8 – 1.0 lít/ha. Pha từ 40 – 60 ml/bình 16 – 20 lít nước. Thời điểm – hiệu lực: Phun khi rầy mới xuất hiện, tuổi nhỏ, mật độ rầy nhiều, lớn cần phun nhắc lại lần 2 sau 5 đến 7 ngày. Nên phun vào lúc sáng sớm hoặc chiều mát để đạt hiệu quả cao nhất. Lưu ý an toàn: Không phun khi trời sắp mưa to hoặc khi có gió lớn. Thời gian cách ly: 10 ngày sau khi phun.

--------------------

[DOC 2]
CÂU HỎI: SANTOSO 100SC CHIM SÂU
HỎI KHÁC: [""Thông tin về SANTOSO 100SC CHIM SÂU"", ""Cách sử dụng SANTOSO 100SC"", ""SANTOSO 100SC có tác dụng gì?"", ""Liều dùng của SANTOSO 100SC là gì?"", ""SANTOSO 100SC diệt côn trùng nào?"", ""Hãng sản xuất SANTOSO 100SC là ai?"", ""SANTOSO 100SC có an toàn không?"", ""Hướng dẫn pha SANTOSO 100SC""]
NỘI DUNG:
Nhóm sản phẩm: Thuốc diệt côn trùng tổng hợp. Các tên / nhãn tương đương: SANTOSO 100SC. Hoạt chất: Alpha cypermethrin 10%w/v - Phụ gia đặc biệt 90%w/v. Nhóm thuốc: Insecticide. Hãng sản xuất: Modern Insecticides Limited (Ấn Độ). Đặc tính – công dụng: SANTOSO 100SC là thuốc diệt côn trùng tổng hợp, có cơ chế tiếp xúc vị độc, xông hơi, thấm sâu nhanh, hoạt chất ức chế thần kinh làm cho côn trùng ngừng thở và chết nhanh, hiệu quả nhanh chóng hiệu lực kéo dài. Diệt trừ các loại côn trùng gây hại. Đối tượng: Cây trồng: Lúa, Cà phê, Hồ tiêu, Sắn, Điều, Lạc, Khoai lang, Đậu tương, Cây ăn trái. Sâu hại: Sâu phao, sâu đục bẹ, bọ trĩ, bọ xít, sâu cuốn lá, sâu đục thân, Rệp sáp, kiến, mối, Bọ phấn trắng, Bọ xít muỗi, Sâu khoang, Sâu đục quả, Ruồi vàng. Liều dùng – cách pha – lượng nước: Pha 10-30ml cho bình 18 lít nước. Thời điểm – hiệu lực: Vào sáng sớm hoặc chiều mát để đạt hiệu quả cao. Lưu ý an toàn: Không phun khi trời sắp mưa to hoặc khi có gió lớn.

--------------------

[DOC 3]
CÂU HỎI: Khi bước qua ruộng cây trồng cần quan sát những gì để phát hiện bệnh?
HỎI KHÁC: Khi khảo sát ruộng cây trồng cần quan sát những gì?|Những dấu hiệu nào cần chú ý khi đi điều tra bệnh trên ruộng?|Làm sao để phát hiện bệnh khi đi khảo sát ruộng cây trồng?
NỘI DUNG:
Khi bước qua ruộng cần quan sát kỹ các triệu chứng bệnh hiện có trên cây như lá vàng, đốm, khảm, quăn, còi cọc, đồng thời ghi nhận phân bố bệnh trên ruộng. Cần chú ý các dấu hiệu tổn thương do côn trùng, sự hiện diện của vectơ truyền virus, cỏ dại và tổn thương do thuốc bảo vệ thực vật. Trò chuyện với nông dân để hiểu thêm về các quan sát và các yếu tố ảnh hưởng.

--------------------

[DOC 4]
CÂU HỎI: Xử lý Sâu cuốn lá; sâu đục thân/ lúa - Rất hay kháng thuốc khi mật độ bình thường như thế nào?
HỎI KHÁC: Cách xử lý Sâu cuốn lá; sâu đục thân/ lúa - Rất hay kháng thuốc khi mật độ bình thường?|Sâu cuốn lá; sâu đục thân/ lúa - Rất hay kháng thuốc bình thường xử lý sao?|Thuốc nào trị Sâu cuốn lá; sâu đục thân/ lúa - Rất hay kháng thuốc bình thường?|Phác đồ phòng trừ Sâu cuốn lá; sâu đục thân/ lúa - Rất hay kháng thuốc bình thường?|Cách trị Sau cuon la; sau duc than/ lua - Rat hay khang thuoc bình thường?|Sâu cuốn lá; sâu đục thân/ lúa - Rất hay kháng thuốc kháng thuốc nên làm gì?
NỘI DUNG:
Zigen Xpro pha 24-50ml/25L nước (tuỳ mật độ kháng). Diệt trừ tốt cả sâu đục thân rất tốt hiệu quả 80-90%.

--------------------

[DOC 5]
CÂU HỎI: TRÙM CHÍCH HÚT - TRĨ
HỎI KHÁC: [""Thông tin về TRÙM CHÍCH HÚT - TRĨ"", ""Cách sử dụng TRÙM CHÍCH HÚT - TRĨ"", ""TRÙM CHÍCH HÚT - TRĨ có tác dụng gì?"", ""Liều dùng của TRÙM CHÍCH HÚT - TRĨ"", ""TRÙM CHÍCH HÚT - TRĨ có an toàn không?"", ""Hướng dẫn sử dụng TRÙM CHÍCH HÚT - TRĨ"", ""TRÙM CHÍCH HÚT - TRĨ phòng trừ sâu hại nào?"", ""Thông tin sản phẩm TRÙM CHÍCH HÚT - TRĨ""]
NỘI DUNG:
Nhóm sản phẩm: Thuốc trừ sâu. Các tên / nhãn tương đương: TRÙM CHÍCH HÚT - TRĨ. Hoạt chất: pymetrozine. Nhóm thuốc: Thuốc trừ sâu. Hãng sản xuất: Biocrop Pte Ltd (Singapore). Đặc tính – công dụng: Hoạt chất pymetrozine là thuốc lưu dẫn, có tác dụng tiếp xúc, vị độc, lưu dẫn nhanh, cơ chế tác động đến tế bào thần kinh làm côn trùng không thể chích hút và chết. Sản phẩm được nhiều công ty đăng ký phòng trừ: Bọ nhảy, rệp sáp, bọ phấn, bọ trĩ (bọ cánh tơ), bọ xít, rầy nâu, rầy xanh, rầy mềm, bọ ngâu. Đối tượng: Cây trồng: Lúa, Mía, Cà phê, hồ tiêu, Điều, Sắn, hoa hồng, Rau màu, cây ăn trái. Sâu hại: Rầy nâu, rầy lưng trắng, bọ xít, Rệp bông xơ, rệp sáp, Rầy xanh, rệp sáp, Bọ xít muỗi, Bọ phấn, rệp muội, Bọ nhảy, bọ phấn, rầy mềm, bọ xít, bọ trĩ, bọ ngâu, rầy xanh. Liều dùng – cách pha – lượng nước: Sử dụng: 0.5 - 1.0 kg/ ha. Pha 10 - 15g/ bình 20 lít phun cho 1 sào Bắc bộ (360m2). Pha 20 - 25g/ bình 25 lít phun 1 - 2 bình/ 1 công Nam Bộ. Thời điểm – hiệu lực: Phun ướt đều tán lá cây trồng khi sâu hại xuất hiện. Lưu ý an toàn: Thời gian cách ly 14 ngày. Lượng nước phun: 400 - 500 lít/ ha.

--------------------

[DOC 6]
CÂU HỎI: Xử lý Sâu cuốn lá; sâu đục thân/ lúa - Rất hay kháng thuốc khi mật độ cao như thế nào?
HỎI KHÁC: Cách xử lý Sâu cuốn lá; sâu đục thân/ lúa - Rất hay kháng thuốc khi mật độ cao?|Sâu cuốn lá; sâu đục thân/ lúa - Rất hay kháng thuốc cao xử lý sao?|Thuốc nào trị Sâu cuốn lá; sâu đục thân/ lúa - Rất hay kháng thuốc cao?|Phác đồ phòng trừ Sâu cuốn lá; sâu đục thân/ lúa - Rất hay kháng thuốc cao?|Cách trị Sau cuon la; sau duc than/ lua - Rat hay khang thuoc cao?|Sâu cuốn lá; sâu đục thân/ lúa - Rất hay kháng thuốc kháng thuốc nên làm gì?
NỘI DUNG:
Xông hơi mạnh .

--------------------

[DOC 7]
CÂU HỎI: Xử lý Sâu đục thân, sâu đục quả/ cây ăn trái khi mật độ cao như thế nào?
HỎI KHÁC: Cách xử lý Sâu đục thân, sâu đục quả/ cây ăn trái khi mật độ cao?|Sâu đục thân, sâu đục quả/ cây ăn trái cao xử lý sao?|Thuốc nào trị Sâu đục thân, sâu đục quả/ cây ăn trái cao?|Phác đồ phòng trừ Sâu đục thân, sâu đục quả/ cây ăn trái cao?|Cách trị Sau duc than, sau duc qua/ cay an trai cao?|Xử lý Sâu đục thân, sâu đục quả/ cây ăn trái như thế nào?
NỘI DUNG:
Tiếp xúc-lưu dẫn mạnh.

--------------------

[DOC 8]
CÂU HỎI: Xử lý Sâu cuốn lá; sâu đục thân/ lúa - Rất hay kháng thuốc khi mật độ bình thường như thế nào?
HỎI KHÁC: Cách xử lý Sâu cuốn lá; sâu đục thân/ lúa - Rất hay kháng thuốc khi mật độ bình thường?|Sâu cuốn lá; sâu đục thân/ lúa - Rất hay kháng thuốc bình thường xử lý sao?|Thuốc nào trị Sâu cuốn lá; sâu đục thân/ lúa - Rất hay kháng thuốc bình thường?|Phác đồ phòng trừ Sâu cuốn lá; sâu đục thân/ lúa - Rất hay kháng thuốc bình thường?|Cách trị Sau cuon la; sau duc than/ lua - Rat hay khang thuoc bình thường?|Sâu cuốn lá; sâu đục thân/ lúa - Rất hay kháng thuốc kháng thuốc nên làm gì?
NỘI DUNG:
Oxatin pha 30-40ml/25L nước: hiệu quả trên 90%.

--------------------

[DOC 9]
CÂU HỎI: Xử lý Sâu cuốn lá; sâu đục thân/ lúa - Rất hay kháng thuốc  như thế nào?
HỎI KHÁC: Cách xử lý Sâu cuốn lá; sâu đục thân/ lúa - Rất hay kháng thuốc?|Sâu cuốn lá; sâu đục thân/ lúa - Rất hay kháng thuốc xử lý sao?|Thuốc nào trị Sâu cuốn lá; sâu đục thân/ lúa - Rất hay kháng thuốc?|Phác đồ phòng trừ Sâu cuốn lá; sâu đục thân/ lúa - Rất hay kháng thuốc?|Cách trị Sau cuon la; sau duc than/ lua - Rat hay khang thuoc?|Sâu cuốn lá; sâu đục thân/ lúa - Rất hay kháng thuốc kháng thuốc nên làm gì?
NỘI DUNG:
Tiếp xúc mạnh.

--------------------

[DOC 10]
CÂU HỎI: Xử lý Sâu đục thân, sâu đục quả/ cây ăn trái  như thế nào?
HỎI KHÁC: Cách xử lý Sâu đục thân, sâu đục quả/ cây ăn trái?|Sâu đục thân, sâu đục quả/ cây ăn trái xử lý sao?|Thuốc nào trị Sâu đục thân, sâu đục quả/ cây ăn trái?|Phác đồ phòng trừ Sâu đục thân, sâu đục quả/ cây ăn trái?|Cách trị Sau duc than, sau duc qua/ cay an trai?|Xử lý Sâu đục thân, sâu đục quả/ cây ăn trái như thế nào?
NỘI DUNG:
Ví dụ : sâu đục quả sầu riêng, pha Zigen Xpro 24ml/20L nước; phun rất tốt.

--------------------

[DOC 11]
CÂU HỎI: Xử lý Sâu hành (rất kháng) như thế nào?
HỎI KHÁC: Cách xử lý Sâu hành?|Sâu hành rất kháng xử lý sao?|Thuốc nào trị Sâu hành hiệu quả?|Phác đồ phòng trừ Sâu hành?|Cách trị Sâu hành?
NỘI DUNG:
Binhtox Gold; Kajio 5EC liều 50-100ml + Tomi 50ml/20L nước. Sâu hành rất kháng thuốc, sử dụng liều như sâu tơ hoặc tăng gấp 2 lần. Có thể cộng Tomi để diệt trứng và sâu non mới nở. Phun khi sâu chui ra hoạt động (thường sáng sớm hoặc chiều tối tắt nắng). Hiệu quả đạt 70–90%. Để tăng hiệu quả, khuyến cáo nông dân cộng thêm chất bám dính.

--------------------

[DOC 12]
CÂU HỎI: Xử lý Sâu cuốn lá; sâu đục thân/ lúa - Rất hay kháng thuốc khi mật độ bình thường như thế nào?
HỎI KHÁC: Cách xử lý Sâu cuốn lá; sâu đục thân/ lúa - Rất hay kháng thuốc khi mật độ bình thường?|Sâu cuốn lá; sâu đục thân/ lúa - Rất hay kháng thuốc bình thường xử lý sao?|Thuốc nào trị Sâu cuốn lá; sâu đục thân/ lúa - Rất hay kháng thuốc bình thường?|Phác đồ phòng trừ Sâu cuốn lá; sâu đục thân/ lúa - Rất hay kháng thuốc bình thường?|Cách trị Sau cuon la; sau duc than/ lua - Rat hay khang thuoc bình thường?|Sâu cuốn lá; sâu đục thân/ lúa - Rất hay kháng thuốc kháng thuốc nên làm gì?
NỘI DUNG:
Ohayo 100sc; Igro Ohayo 240sc pha  24-50ml/25L nước (tuỳ mật độ kháng):  hiệu quả từ 80-90%.

--------------------

[DOC 13]
CÂU HỎI: Xử lý Sâu cuốn lá; sâu đục thân/ lúa - Rất hay kháng thuốc khi mật độ cao như thế nào?
HỎI KHÁC: Cách xử lý Sâu cuốn lá; sâu đục thân/ lúa - Rất hay kháng thuốc khi mật độ cao?|Sâu cuốn lá; sâu đục thân/ lúa - Rất hay kháng thuốc cao xử lý sao?|Thuốc nào trị Sâu cuốn lá; sâu đục thân/ lúa - Rất hay kháng thuốc cao?|Phác đồ phòng trừ Sâu cuốn lá; sâu đục thân/ lúa - Rất hay kháng thuốc cao?|Cách trị Sau cuon la; sau duc than/ lua - Rat hay khang thuoc cao?|Sâu cuốn lá; sâu đục thân/ lúa - Rất hay kháng thuốc kháng thuốc nên làm gì?
NỘI DUNG:
Thông thường nông dân sẽ rải các dạng hạt GR dưới gốc, sau khi sạ lúa 15-20 ngày; để trừ ấu trùng sâu cuốn lá, đục thân, trĩ.

--------------------

[DOC 14]
CÂU HỎI: Xử lý Sâu đục thân, sâu đục quả/ cây ăn trái khi mật độ cao như thế nào?
HỎI KHÁC: Cách xử lý Sâu đục thân, sâu đục quả/ cây ăn trái khi mật độ cao?|Sâu đục thân, sâu đục quả/ cây ăn trái cao xử lý sao?|Thuốc nào trị Sâu đục thân, sâu đục quả/ cây ăn trái cao?|Phác đồ phòng trừ Sâu đục thân, sâu đục quả/ cây ăn trái cao?|Cách trị Sau duc than, sau duc qua/ cay an trai cao?|Xử lý Sâu đục thân, sâu đục quả/ cây ăn trái như thế nào?
NỘI DUNG:
Công thức/giải pháp: Tiếp xúc mạnh + Vị độc mạnh + Lưu dẫn - nội hấp mạnh. Lưu ý: Phun kỹ vùng trái, thân, nơi sâu đục.

--------------------

[DOC 15]
CÂU HỎI: Siêu diệt sâu
HỎI KHÁC: [""Thông tin về Siêu diệt sâu"", ""Cách sử dụng Siêu diệt sâu"", ""Siêu diệt sâu có hiệu quả không?"", ""Liều dùng của Siêu diệt sâu là gì?"", ""Siêu diệt sâu có những hoạt chất nào?"", ""Hãng sản xuất Siêu diệt sâu là ai?"", ""Siêu diệt sâu dùng cho cây trồng nào?"", ""Lưu ý khi sử dụng Siêu diệt sâu""]
NỘI DUNG:
Nhóm sản phẩm: Thuốc trừ sâu. Các tên / nhãn tương đương: Tamatra S 18SC. Hoạt chất: spirotetramat 10%w/w, Tolfenpyrad 8%w/w SC. Nhóm thuốc: Thuốc trừ sâu. Hãng sản xuất: Hailir Pesticide and Chemicals Group Co., Ltd. Đặc tính – công dụng: Tamatra S 18SC kết hợp hai hoạt chất spirotetramat và Tolfenpyrad giúp trừ hiệu quả nhiều loại sâu rầy trên cây trồng. spirotetramat thấm sâu và chạy khắp cây, diệt rầy, rệp, bọ phấn từ trong ra ngoài. Tolfenpyrad giúp hạ nhanh sâu ăn lá, bọ trĩ, và các đối tượng khó trị. Hai hoạt chất hỗ trợ nhau, cho hiệu lực mạnh, kéo dài, giúp cây sạch sâu. Đối tượng: Cây trồng: Lúa, Rau cải, Chè, Cà chua, Bắp cải, Cam. Sâu hại: Sâu cuốn lá nhỏ, bọ trĩ, rầy xanh, rệp sáp, bọ cánh tơ, sâu đục quả, bọ phấn, sâu tơ, sâu xanh, sâu khoang, sâu vẽ bùa, rầy chổng cánh. Liều dùng – cách pha – lượng nước: Pha 30ml cho bình 16 - 25 lít. Thời điểm – hiệu lực: Không phun khi có gió lớn hoặc sắp có mưa khoảng 1 giờ. Lưu ý an toàn: Luân phiên với các loại thuốc trừ sâu khác để sâu không kháng thuốc. Thời gian cách ly: 7 ngày.

--------------------

[DOC 16]
CÂU HỎI: RECXONA 35WG, VUA TRĨ
HỎI KHÁC: [""Thông tin về RECXONA 35WG"", ""Cách sử dụng VUA TRĨ"", ""RECXONA 35WG có tác dụng gì?"", ""Hướng dẫn sử dụng VUA TRĨ"", ""Liều dùng của RECXONA 35WG là gì?"", ""RECXONA 35WG có an toàn không?"", ""VUA TRĨ có hiệu lực với sâu nào?"", ""Thông tin về hoạt chất Thiamethoxam trong RECXONA 35WG""]
NỘI DUNG:
Nhóm sản phẩm: Thuốc trừ sâu. Các tên / nhãn tương đương: RECXONA 35WG, VUA TRĨ. Hoạt chất: Thiamethoxam 35% w/w + Phụ gia đặc biệt 65% w/w. Nhóm thuốc: Insecticide. Hãng sản xuất: Jiangsu Eastern Agrochemical Co., Ltd. Đặc tính – công dụng: Hoạt chất Thiamethoxam có tác động tiếp xúc, vị độc và nội hấp mạnh nên ít bị rửa trôi, hiệu lực diệt côn trùng chích hút mạnh và kéo dài. Phổ tác dụng rộng, phòng trừ hiệu quả cao nhiều loại sâu ăn lá và chích hút cho nhiều loại cây trồng. Đối tượng: Cây trồng: Lúa, Mía, Cà phê, Thuốc lá, Điều, Khoai tây, Hoa cúc. Sâu hại: Rầy nâu, rầy lưng trắng, bọ xít, rệp bông xơ, rệp sáp, rệp muỗi, sâu đục cành, bọ trĩ, rệp đào. Liều dùng – cách pha – lượng nước: Liều lượng: 0.3 lít/ha. Cách pha: Pha 10 - 15gr/20 lít. Lượng nước phun: 320 - 500 lít/ha. Thời điểm – hiệu lực: Phun thuốc khi sâu rầy vừa mới xuất hiện. Lưu ý an toàn: Không phun thuốc khi có gió lớn hoặc trời sắp mưa to. Thời gian cách ly: 14 ngày sau khi phun.

--------------------

[DOC 17]
CÂU HỎI: SUPAREP 22.4SC
HỎI KHÁC: [""Thông tin về SUPAREP 22.4SC"", ""Cách sử dụng SUPAREP 22.4SC"", ""SUPAREP 22.4SC có tác dụng gì?"", ""Liều dùng của SUPAREP 22.4SC là bao nhiêu?"", ""SUPAREP 22.4SC có an toàn không?"", ""Hãng sản xuất SUPAREP 22.4SC là ai?"", ""SUPAREP 22.4SC diệt được những loại sâu nào?"", ""Hướng dẫn pha SUPAREP 22.4SC""]
NỘI DUNG:
Nhóm sản phẩm: Thuốc trừ sâu. Các tên / nhãn tương đương: SUPAREP 22.4SC. Hoạt chất: spirotetramat 22.4% w/w + Chất phụ gia 77.6% w/w. Nhóm thuốc: Thuốc trừ sâu lưu dẫn. Hãng sản xuất: Qingdao Haina Biotechnology Co., Ltd. Đặc tính – công dụng: Sản phẩm là thuốc trừ sâu lưu dẫn 2 chiều, hấp thu qua lá, di chuyển cả lên và xuống trong cây gây ức chế sinh tổng hợp lipid, làm côn trùng ngừng phát triển, giảm sinh sản và chết, cơ chế hấp thu nhanh nên ít ảnh hưởng đến thiên địch, hiệu quả trên nhiều cây trồng. Sản phẩm diệt trừ tốt: rệp sáp, rệp vảy, rầy xanh, bọ trĩ, nhện đỏ, rầy phấn, sâu tơ, sâu xanh, rầy chổng cánh. Đối tượng: Cây trồng: Khoai tây, cà chua, dưa chuột, thanh long, bưởi, chè, cà chua, vải, xoài, bắp cải, cà phê, cam, bưởi, tiêu, sầu riêng, hoa cúc, hoa hồng. Sâu hại: Bọ phấn, sâu đục quả, bọ trĩ, sâu đục quả, sâu tơ, nhện, rệp sáp, rệp muỗi, rầy chổng cánh, nhện đỏ. Liều dùng – cách pha – lượng nước: 0.3 – 0.5 lít/ha. Pha 18 – 20 ml cho bình 20 lít nước. Lượng nước phun 500 – 600 lít/ha. Thời điểm – hiệu lực: Phun thuốc khi sâu, bọ mới xuất hiện, mật độ khoảng 3 – 5 con/lá hoặc khoảng từ 3 – 6 con/ngọn. Nên phun vào lúc sáng sớm hoặc chiều mát để đạt hiệu quả cao nhất. Lưu ý an toàn: Không phun khi trời sắp mưa to hoặc khi có gió lớn. Thời gian cách ly: 14 ngày với khoai tây và cà phê, 5 ngày với dưa chuột.

--------------------

[DOC 18]
CÂU HỎI: SHA CHONG JING 95WP
HỎI KHÁC: [""Thông tin về SHA CHONG JING 95WP"", ""SHA CHONG JING 95WP có tác dụng gì?"", ""Hướng dẫn sử dụng SHA CHONG JING 95WP"", ""SHA CHONG JING 95WP có an toàn không?"", ""Liều dùng của SHA CHONG JING 95WP là gì?"", ""SHA CHONG JING 95WP có thể trộn với thuốc nào?"", ""SHA CHONG JING 95WP dùng cho cây gì?"", ""SHA CHONG JING 95WP có thời gian cách ly bao lâu?""]
NỘI DUNG:
Nhóm sản phẩm: Thuốc trừ sâu. Các tên / nhãn tương đương: SHA CHONG JING 95WP. Hoạt chất: Thiosultap-sodium (Nereistoxin) (Monosultap) 95%w/w - Special Additives . 5% w/w. Nhóm thuốc: Thuốc trừ sâu. Hãng sản xuất: Liyang Lihua Chemical Co., Ltd. Đặc tính – công dụng: Thiosultap-Sodium có tác dụng tiếp xúc vị độc, cản trở hoạt động của cơ quan cảm nhận trong tế bào thần kinh côn trùng. Thuốc có phổ tác động rộng diệt cả trứng sâu, trừ được nhiều loại sâu rầy chích hút và miệng nhai. Đối tượng: Cây trồng: Lúa, ngô (bắp), mía, lạc, đậu tương, điều, cà phê. Sâu hại: Sâu cuốn lá, sâu đục thân, bọ trĩ (bù lạch), sâu năng (muỗi hành), rệp sáp, bọ xít muỗi, sâu khoang, rầy nâu, sâu đục bẹ. Cây trồng: Hoa hồng Sâu hại: Sâu đục nụ. Cây trồng: Lúa, ngô (bắp), mía, lạc, đậu tương, điều, cà phê, Hoa hồng. Liều dùng – cách pha – lượng nước: - Sử dụng 0.45 - 0.6kg với 400 - 600 lít/ha. - Pha 10 - 14 g thuốc/bình 10 lít nước. - Phun 1.5 bình cho 1 sào Bắc Bộ (360 m²). - Phun 3 bình cho 1 sào Trung Bộ (500 m²). - Phun 6 bình cho 1 công Hoa hồng Sâu đục nụ Nam Bộ (1.000 m²). Thời điểm – hiệu lực: Thời gian cách ly: 14 ngày. Lưu ý an toàn: - Lượng nước phun từ 500 - 600lít/ha. - Không phun thuốc khi có gió lớn hoặc trời sắp mưa to. - Không phun thuốc cho cây dâu nuôi tằm. - Không phun thuốc khi cây có hoa hoặc lá còn ướt hoặc có sương. - Có thể trộn chung với các loại thuốc BVTV khác, trừ thuốc có tính kiềm, pha xong phải phun ngay. Trường hợp cỏ già: Không có thông tin. Kinh nghiệm phối trộn: Có thể trộn chung với các loại thuốc BVTV khác, trừ thuốc có tính kiềm.

--------------------

[DOC 19]
CÂU HỎI: Xử lý Sâu đục thân, sâu đục quả/ cây ăn trái khi mật độ bình thường như thế nào?
HỎI KHÁC: Cách xử lý Sâu đục thân, sâu đục quả/ cây ăn trái khi mật độ bình thường?|Sâu đục thân, sâu đục quả/ cây ăn trái bình thường xử lý sao?|Thuốc nào trị Sâu đục thân, sâu đục quả/ cây ăn trái bình thường?|Phác đồ phòng trừ Sâu đục thân, sâu đục quả/ cây ăn trái bình thường?|Cách trị Sau duc than, sau duc qua/ cay an trai bình thường?|Xử lý Sâu đục thân, sâu đục quả/ cây ăn trái như thế nào?
NỘI DUNG:
Công thức/giải pháp: Tiếp xúc + Vị độc + Lưu dẫn - nội hấp.

--------------------

[DOC 20]
CÂU HỎI: Ecudor 22.4SC
HỎI KHÁC: [""Thông tin về Ecudor 22.4SC"", ""Cách sử dụng Ecudor 22.4SC"", ""Ecudor 22.4SC có tác dụng gì?"", ""Liều dùng của Ecudor 22.4SC là bao nhiêu?"", ""Ecudor 22.4SC có an toàn không?"", ""Những cây trồng nào có thể sử dụng Ecudor 22.4SC?"", ""Ecudor 22.4SC diệt được sâu hại nào?"", ""Hãng sản xuất Ecudor 22.4SC là ai?""]
NỘI DUNG:
Nhóm sản phẩm: Thuốc trừ sâu. Các tên / nhãn tương đương: Ecudor 22.4SC. Hoạt chất: spirotetramat 22.4% w/w + Chất phụ gia 77.6% w/w. Nhóm thuốc: Thuốc trừ sâu lưu dẫn. Hãng sản xuất: Guilin Jiqi Group., Ltd. Đặc tính – công dụng: Sản phẩm là thuốc trừ sâu lưu dẫn 2 chiều, hấp thu qua lá, di chuyển cả lên và xuống trong cây gây ức chế sinh tổng hợp lipid, làm côn trùng ngừng phát triển, giảm sinh sản và chết, cơ chế hấp thu nhanh nên ít ảnh hưởng đến thiên địch, hiệu quả trên nhiều cây trồng. Sản phẩm diệt trừ tốt: rệp sáp, rệp vảy, rầy xanh, bọ trĩ, nhện đỏ, rầy phấn, sâu tơ, sâu xanh, rầy chổng cánh. Đối tượng: Cây trồng: Khoai tây, cà chua, dưa chuột, thanh long, bưởi, chè, cà chua, vải, xoài, bắp cải, cà phê, cam, bưởi, tiêu, sầu riêng, hoa cúc, hoa hồng. Sâu hại: Bọ phấn, sâu đục quả, bọ trĩ, sâu tơ, nhện, rệp sáp, rệp muỗi, rầy chổng cánh, nhện đỏ. Liều dùng – cách pha – lượng nước: Liều lượng: 0.3 – 0.5 lít/ha. Pha 18 – 20 ml cho bình 20 lít nước. Lượng nước phun 500 – 600 lít/ha. Thời điểm – hiệu lực: Phun thuốc khi sâu, bọ mới xuất hiện, mật độ khoảng 3 – 5 con/lá hoặc khoảng từ 3 – 6 con/ngọn. Nên phun vào lúc sáng sớm hoặc chiều mát để đạt hiệu quả cao nhất. Lưu ý an toàn: Không phun khi trời sắp mưa to hoặc khi có gió lớn. Thời gian cách ly: 14 ngày với khoai tây và cà phê, 5 ngày với dưa chuột.

--------------------

[DOC 21]
CÂU HỎI: PANDA 4GR, GÀ ĐÁ 4 GR
HỎI KHÁC: [""Thông tin về PANDA 4GR"", ""GÀ ĐÁ 4 GR có tác dụng gì?"", ""Cách sử dụng PANDA 4GR"", ""Hoạt chất trong GÀ ĐÁ 4 GR là gì?"", ""Liều dùng của PANDA 4GR"", ""PANDA 4GR có hiệu quả với sâu nào?"", ""GÀ ĐÁ 4 GR có an toàn không?"", ""Hãng sản xuất của PANDA 4GR là ai?""]
NỘI DUNG:
Nhóm sản phẩm: Thuốc trừ sâu. Các tên / nhãn tương đương: PANDA 4GR, GÀ ĐÁ 4 GR. Hoạt chất: Cartap Hydrochloride 4% w/w + Phụ gia đặc biệt 96% w/w. Nhóm thuốc: Carbamate. Hãng sản xuất: Wu Zin Pesticide Factory. Đặc tính – công dụng: Cartap Hydrochloride là hoạt chất thuộc nhóm Carbamate, có hiệu quả cao trong việc kiểm soát các loại sâu hại. Thuốc có tác động phổ rộng với cơ chế tác động vị độc và tiếp xúc, lưu dẫn. Cartap Hydrochloride hoạt động bằng cách gây tê liệt hệ thần kinh của côn trùng, khiến chúng ngừng ăn và chết. Nhờ vậy, Cartap Hydrochloride mang lại hiệu quả diệt trừ cao và lâu dài. Đối tượng: Cây trồng: Lúa, Mía, Ngô, Cà phê, Thuốc lá, Điều, Hồ tiêu, Lạc, Đậu, Rau cải, Các loại hoa. Sâu hại: Sâu đục thân, cuốn lá, bọ trĩ, rầy nâu, rệp sáp, rệp muội, sâu đục cành, bọ xít muỗi, sâu khoang, sâu xanh, sâu đục hoa, sâu ăn lá. Liều dùng – cách pha – lượng nước: 15 - 20kg/ha. Thời điểm – hiệu lực: Rải thuốc trên mặt ruộng khi thấy bướm xuất hiện rộ hoặc khi sâu rầy vừa xuất hiện. Sử dụng vào sáng sớm hoặc chiều để đạt hiệu quả cao nhất. Lưu ý an toàn: Sản phẩm dùng để rải diệt sâu bọ và côn trùng trong đất. Không sử dụng khi trời sắp mưa to hoặc khi có gió lớn. Trường hợp cỏ già: Không có thông tin. Kinh nghiệm phối trộn: Không có thông tin.

--------------------

[DOC 22]
CÂU HỎI: Sản phẩm Ledan 4GR (Panda 4GR - Túi đỏ) có thành phần và công dụng chính là gì?
HỎI KHÁC: Ledan 4GR (Panda 4GR - Túi đỏ) là thuốc gì và dùng cho cây trồng nào? | Thành phần và công dụng của Ledan 4GR (Panda 4GR - Túi đỏ) là gì? | Ledan 4GR (Panda 4GR - Túi đỏ) có tác dụng phòng trừ sâu bệnh nào? | Sản phẩm Ledan 4GR (Panda 4GR - Túi đỏ) có điểm nổi bật gì?
NỘI DUNG:
Ledan 4GR (Panda 4GR - Túi đỏ) (Panda 4GR - Túi đỏ) của công ty Tỷ Phúc Thịnh chứa hoạt chất Cartap Hydrochloride 4% w/w, được đóng gói dạng túi 1kg tại Agrishop. Sản phẩm dùng để phòng trừ sâu hại trên nhiều loại cây trồng như lúa (sâu đục thân, cuốn lá, bọ trĩ, rầy nâu), mía và ngô (sâu đục thân), cà phê (rệp sáp, rệp muội, sâu đục cành), thuốc lá (rệp sáp), điều và hồ tiêu (bọ xít muỗi), lạc, đậu, rau cải (sâu khoang, sâu xanh) và các loại hoa (sâu đục hoa, sâu ăn lá). Đặc biệt, thuốc thường được rải gốc để diệt sâu đục thân mía, đục thân ngô và các loại sâu dưới đất. Sản phẩm có đối thủ cạnh tranh là Gà Nòi 0.4GR (Sài Gòn).

--------------------

[DOC 23]
CÂU HỎI: Thuốc BVTV Ledan 95SP (Padan Japan Túi đỏ) có thành phần và công dụng chính là gì?
HỎI KHÁC: Thuốc Ledan 95SP (Padan Japan Túi đỏ) dùng để trừ sâu gì trên cây lúa?|Ledan 95SP (Padan Japan Túi đỏ) có thành phần hoạt chất nào?|Cách sử dụng thuốc Ledan 95SP (Padan Japan Túi đỏ) cho cây cà phê như thế nào?|Lưu ý an toàn khi dùng thuốc Ledan 95SP (Padan Japan Túi đỏ) là gì?
NỘI DUNG:
Ledan 95SP (Padan Japan Túi đỏ) của công ty Tỷ Phúc Thịnh chứa hoạt chất Cartap Hydrochloride 95% w/w, được đóng gói dạng túi 100gr bán tại Agrishop. Thuốc có đặc tính tiếp xúc. Sản phẩm dùng để trừ sâu hại trên nhiều loại cây trồng như lúa (sâu đục thân, sâu cuốn lá, bọ trĩ, rầy nâu), mía và ngô (sâu đục thân), cà phê (rệp sáp, rệp muội, sâu đục cành), thuốc lá (rệp sáp), điều và hồ tiêu (bọ xít muỗi), lạc, đậu, rau cải (sâu khoang, sâu xanh) và các loại hoa (sâu đục hoa, sâu ăn lá). Thuốc đặc biệt hiệu quả trong việc trừ sâu cuốn lá, sâu đục thân và sâu đục trái. Một số đặc điểm khác nổi bật: Trừ tốt sâu cuốn lá, sâu đục thân, đục trái.

--------------------

[DOC 24]
CÂU HỎI: CYMKILL 25EC
HỎI KHÁC: [""Thông tin về CYMKILL 25EC"", ""Cách sử dụng CYMKILL 25EC"", ""CYMKILL 25EC có tác dụng gì?"", ""Liều dùng của CYMKILL 25EC là bao nhiêu?"", ""CYMKILL 25EC có an toàn không?"", ""Hướng dẫn pha CYMKILL 25EC"", ""CYMKILL 25EC diệt những loại sâu nào?"", ""CYMKILL 25EC có thời gian cách ly bao lâu?""]
NỘI DUNG:
Nhóm sản phẩm: Thuốc trừ sâu. Các tên / nhãn tương đương: CYMKILL 25EC. Hoạt chất: cypermethrin 250g/lít + Phụ gia đặc biệt vừa đủ 1 lít. Nhóm thuốc: Insecticide. Hãng sản xuất: Forward International Ltd (Ấn Độ). Đặc tính – công dụng: Sản phẩm chứa hoạt chất cypermethrin có cơ chế xông hơi, tiếp xúc và vị độc, diệt trừ sâu đục thân, sâu cuốn lá, bọ trĩ hại lúa, sâu (giòi) đục quả (đục cuống gây nên thối quả), sâu đục (sâu que), bọ xít, bọ nhảy hại vải thiều, nhãn, na, hồng, cam, quýt, rau màu và cây ăn trái. Đối tượng: Cây trồng: Bông vải, Lúa, Đậu xanh, Rau cải, Khoai lang, Cà phê, Điều. Sâu hại: Sâu khoang, Bọ trĩ, rầy nâu, sâu cuốn lá, Sâu xanh, sâu khoang, Bọ nhảy, sâu ăn lá, rầy mềm, Sùng (bọ hà), Rệp sáp, sâu đục cành, Bọ xít muỗi. Liều dùng – cách pha – lượng nước: Liều dùng: 0.16 – 0.4 lít/ha. Cách pha: Pha từ 25 – 30ml/bình 20 lít nước. Lượng nước phun: Phun từ 300 – 500 lít/ha. Thời điểm – hiệu lực: Phun khi sâu, rầy vừa xuất hiện, nên phun lúc sáng sớm hoặc chiều mát để đạt hiệu quả cao nhất. Lưu ý an toàn: Thời gian cách ly 10 ngày. Không phun thuốc khi có gió lớn hoặc trời sắp mưa to.",[],,[]
